SKU,breadcrumbs,categories,desc,name,price,product_url,stock,tags
2571,Home|Pokemon|Moltres,"Flame,Pokemon","Moltres is a legendary bird Pokémon that has the ability to control fire. If this Pokémon is injured, it is said to dip its body in the molten magma of a volcano to burn and heal itself.",Moltres,178.00,https://scrapeme.live/shop/Moltres/,208,"Flame,moltres,Pressure"
7213,Home|Pokemon|Zapdos,"Electric,Pokemon",Zapdos is a legendary bird Pokémon that has the ability to control electricity. It usually lives in thunderclouds. The Pokémon gains power if it is stricken by lightning bolts.,Zapdos,133.00,https://scrapeme.live/shop/Zapdos/,265,"Electric,Pressure,zapdos"
9883,Home|Sleeping|Snorlax,"Pokemon,Sleeping",Snorlax’s typical day consists of nothing more than eating and sleeping. It is such a docile Pokémon that there are children who use its expansive belly as a place to play.,Snorlax,134.00,https://scrapeme.live/shop/Snorlax/,260,"Sleeping,snorlax,Thick Fat"
6040,Home|Pokemon|Articuno,"Freeze,Pokemon","Articuno is a legendary bird Pokémon that can control ice. The flapping of its wings chills the air. As a result, it is said that when this Pokémon flies, snow will fall.",Articuno,77.00,https://scrapeme.live/shop/Articuno/,101,"articuno,Freeze,Pressure"
1801,Home|Pokemon|Aerodactyl,"Fossil,Pokemon",Aerodactyl is a Pokémon from the age of dinosaurs. It was regenerated from genetic material extracted from amber. It is imagined to have been the king of the skies in ancient times.,Aerodactyl,56.00,https://scrapeme.live/shop/Aerodactyl/,257,"aerodactyl,Fossil,Rock Head"
4736,Home|Shellfish|Kabutops,"Pokemon,Shellfish",Kabutops swam underwater to hunt for its prey in ancient times. The Pokémon was apparently evolving from being a water dweller to living on land as evident from the beginnings of change in its gills and legs.,Kabutops,57.00,https://scrapeme.live/shop/Kabutops/,228,"kabutops,Shellfish,Swift Swim"
9584,Home|Shellfish|Kabuto,"Pokemon,Shellfish","Kabuto is a Pokémon that has been regenerated from a fossil. However, in extremely rare cases, living examples have been discovered. The Pokémon has not changed at all for 300 million years.",Kabuto,79.00,https://scrapeme.live/shop/Kabuto/,187,"kabuto,Shellfish,Swift Swim"
3283,Home|Spiral|Omastar,"Pokemon,Spiral","Omastar uses its tentacles to capture its prey. It is believed to have become extinct because its shell grew too large and heavy, causing its movements to become too slow and ponderous.",Omastar,61.00,https://scrapeme.live/shop/Omastar/,249,"omastar,Shell Armor,Spiral"
4383,Home|Pokemon|Diglett,"Mole,Pokemon","Diglett are raised in most farms. The reason is simple— wherever this Pokémon burrows, the soil is left perfectly tilled for planting crops. This soil is made ideal for growing delicious vegetables.",Diglett,122.00,https://scrapeme.live/shop/Diglett/,227,"diglett,Mole,Sand Veil"
2333,Home|River Crab|Krabby,"Pokemon,River Crab","Krabby live on beaches, burrowed inside holes dug into the sand. On sandy beaches with little in the way of food, these Pokémon can be seen squabbling with each other over territory.",Krabby,64.00,https://scrapeme.live/shop/Krabby/,147,"krabby,River Crab,Shell Armor"
3530,Home|Vine|Tangela,"Pokemon,Vine","Tangela’s vines snap off easily if they are grabbed. This happens without pain, allowing it to make a quick getaway. The lost vines are replaced by newly grown vines the very next day.",Tangela,64.00,https://scrapeme.live/shop/Tangela/,91,"Chlorophyll,tangela,Vine"
9506,Home|Superpower|Machop,"Pokemon,Superpower",Machop exercises by hefting around a Graveler as if it were a barbell. There are some Machop that travel the world in a quest to master all kinds of martial arts.,Machop,166.00,https://scrapeme.live/shop/Machop/,173,"Guts,machop,Superpower"
5934,Home|Pokemon|Magneton,"Magnet,Pokemon","Magneton emits a powerful magnetic force that is fatal to electronics and precision instruments. Because of this, it is said that some towns warn people to keep this Pokémon inside a Poké Ball.",Magneton,191.00,https://scrapeme.live/shop/Magneton/,152,"Magnet,magneton,Sturdy"
9629,Home|Pokemon|Gyarados,"Atrocious,Pokemon","Once Gyarados goes on a rampage, its ferociously violent blood doesn’t calm until it has burned everything down. There are records of this Pokémon’s rampages lasting a whole month.",Gyarados,79.00,https://scrapeme.live/shop/Gyarados/,100,"Atrocious,gyarados,Intimidate"
1159,Home|Pokemon|Nidoking,"Drill,Pokemon","Nidoking’s thick tail packs enormously destructive power. With one swing, it can topple a metal transmission tower. Once this Pokémon goes on a rampage, there is no stopping it.",Nidoking,31.00,https://scrapeme.live/shop/Nidoking/,178,"Drill,nidoking,Poison Point"
4876,Home|Pokemon|Furret,"Long Body,Pokemon","Furret has a very slim build. When under attack, it can slickly squirm through narrow spaces and get away. In spite of its short limbs, this Pokémon is very nimble and fleet.",Furret,154.00,https://scrapeme.live/shop/Furret/,85,"furret,Keen Eye,Long Body"
9452,Home|Tiny Bird|Pidgey,"Pokemon,Tiny Bird","Pidgey has an extremely sharp sense of direction. It is capable of unerringly returning home to its nest, however far it may be removed from its familiar surroundings.",Pidgey,159.00,https://scrapeme.live/shop/Pidgey/,175,"Keen Eye,pidgey,Tiny Bird"
6542,Home|Pokemon|Beedrill,"Poison Bee,Pokemon","Beedrill is extremely territorial. No one should ever approach its nest—this is for their own safety. If angered, they will attack in a furious swarm.",Beedrill,168.00,https://scrapeme.live/shop/Beedrill/,125,"beedrill,Poison Bee,Swarm"
1049,Home|Pokemon|Kakuna,"Cocoon,Pokemon","Kakuna remains virtually immobile as it clings to a tree. However, on the inside, it is extremely busy as it prepares for its coming evolution. This is evident from how hot the shell becomes to the touch.",Kakuna,148.00,https://scrapeme.live/shop/Kakuna/,260,"Cocoon,kakuna,Shed Skin"
7525,Home|Pokemon|Weedle,"Hairy Bug,Pokemon",Weedle has an extremely acute sense of smell. It is capable of distinguishing its favorite kinds of leaves from those it dislikes just by sniffing with its big red proboscis (nose).,Weedle,25.00,https://scrapeme.live/shop/Weedle/,65,"Hairy Bug,Shield Dust,weedle"
9507,Home|Pokemon|Butterfree,"Butterfly,Pokemon","Butterfree has a superior ability to search for delicious honey from flowers. It can even search out, extract, and carry honey from flowers that are blooming over six miles from its nest.",Butterfree,162.00,https://scrapeme.live/shop/Butterfree/,242,"Butterfly,butterfree,Compound Eyes"
2072,Home|Pokemon|Metapod,"Cocoon,Pokemon",The shell covering this Pokémon’s body is as hard as an iron slab. Metapod does not move very much. It stays still because it is preparing its soft innards for evolution inside the hard shell.,Metapod,148.00,https://scrapeme.live/shop/Metapod/,285,"Cocoon,metapod,Shed Skin"
7492,Home|Worm|Caterpie,"Pokemon,Worm","Caterpie has a voracious appetite. It can devour leaves bigger than its body right before your eyes. From its antenna, this Pokémon releases a terrifically strong odor.",Caterpie,73.00,https://scrapeme.live/shop/Caterpie/,40,"caterpie,Shield Dust,Worm"
5212,Home|Shellfish|Blastoise,"Pokemon,Shellfish",Blastoise has water spouts that protrude from its shell. The water spouts are very accurate. They can shoot bullets of water with enough accuracy to strike empty cans from a distance of over 160 feet.,Blastoise,76.00,https://scrapeme.live/shop/Blastoise/,88,"blastoise,Shellfish,Torrent"
9659,Home|Turtle|Wartortle,"Pokemon,Turtle","Its tail is large and covered with a rich, thick fur. The tail becomes increasingly deeper in color as Wartortle ages. The scratches on its shell are evidence of this Pokémon’s toughness as a battler.",Wartortle,123.00,https://scrapeme.live/shop/Wartortle/,24,"Torrent,Turtle,wartortle"
6094,Home|Tiny Turtle|Squirtle,"Pokemon,Tiny Turtle","Squirtle’s shell is not merely used for protection. The shell’s rounded shape and the grooves on its surface help minimize resistance in water, enabling this Pokémon to swim at high speeds.",Squirtle,130.00,https://scrapeme.live/shop/Squirtle/,178,"squirtle,Tiny Turtle,Torrent"
8840,Home|Pokemon|Charizard,"Flame,Pokemon","Charizard flies around the sky in search of powerful opponents. It breathes fire of such great heat that it melts anything. However, it never turns its fiery breath on any opponent weaker than itself.",Charizard,156.00,https://scrapeme.live/shop/Charizard/,31,"Blaze,Charizard,Flame"
6565,Home|Pokemon|Charmeleon,"Flame,Pokemon","Charmeleon mercilessly destroys its foes using its sharp claws. If it encounters a strong foe, it turns aggressive. In this excited state, the flame at the tip of its tail flares with a bluish white color.",Charmeleon,165.00,https://scrapeme.live/shop/Charmeleon/,284,"Blaze,charmeleon,Flame"
9086,Home|Pokemon|Charmander,"Lizard,Pokemon","The flame that burns at the tip of its tail is an indication of its emotions. The flame wavers when Charmander is enjoying itself. If the Pokémon becomes enraged, the flame burns fiercely.",Charmander,48.00,https://scrapeme.live/shop/Charmander/,206,"Blaze,charmander,Lizard"
7036,Home|Seed|Venusaur,"Pokemon,Seed",There is a large flower on Venusaur’s back. The flower is said to take on vivid colors if it gets plenty of nutrition and sunlight. The flower’s aroma soothes the emotions of people.,Venusaur,105.00,https://scrapeme.live/shop/Venusaur/,30,"Overgrow,Seed,venusaur"
7227,Home|Seed|Ivysaur,"Pokemon,Seed","There is a bud on this Pokémon’s back. To support its weight, Ivysaur’s legs and trunk grow thick and strong. If it starts spending more time lying in the sunlight, it’s a sign that the bud will bloom into a large flower soon.",Ivysaur,87.00,https://scrapeme.live/shop/Ivysaur/,142,"ivysaur,Overgrow,Seed"
4391,Home|Seed|Bulbasaur,"Pokemon,Seed","Bulbasaur can be seen napping in bright sunlight. There is a seed on its back. By soaking up the sun’s rays, the seed grows progressively larger.",Bulbasaur,63.00,https://scrapeme.live/shop/Bulbasaur/,45,"bulbasaur,Overgrow,Seed"
2687,Home|Scout|Sentret,"Pokemon,Scout","When Sentret sleeps, it does so while another stands guard. The sentry wakes the others at the first sign of danger. When this Pokémon becomes separated from its pack, it becomes incapable of sleep due to fear.",Sentret,48.00,https://scrapeme.live/shop/Sentret/,83,"Keen Eye,Scout,sentret"
9344,Home|Pokemon|Feraligatr,"Big Jaw,Pokemon","Feraligatr intimidates its foes by opening its huge mouth. In battle, it will kick the ground hard with its thick and powerful hind legs to charge at the foe at an incredible speed.",Feraligatr,183.00,https://scrapeme.live/shop/Feraligatr/,175,"Big Jaw,feraligatr,Torrent"
9299,Home|Pokemon|Croconaw,"Big Jaw,Pokemon","Once Croconaw has clamped its jaws on its foe, it will absolutely not let go. Because the tips of its fangs are forked back like barbed fishhooks, they become impossible to remove when they have sunk in.",Croconaw,175.00,https://scrapeme.live/shop/Croconaw/,255,"Big Jaw,croconaw,Torrent"
4342,Home|Pokemon|Totodile,"Big Jaw,Pokemon","Despite the smallness of its body, Totodile’s jaws are very powerful. While the Pokémon may think it is just playfully nipping, its bite has enough power to cause serious injury.",Totodile,190.00,https://scrapeme.live/shop/Totodile/,285,"Big Jaw,Torrent,totodile"
5228,Home|Volcano|Typhlosion,"Pokemon,Volcano",Typhlosion obscures itself behind a shimmering heat haze that it creates using its intensely hot flames. This Pokémon creates blazing explosive blasts that burn everything to cinders.,Typhlosion,191.00,https://scrapeme.live/shop/Typhlosion/,118,"Blaze,typhlosion,Volcano"
6999,Home|Volcano|Quilava,"Pokemon,Volcano",Quilava keeps its foes at bay with the intensity of its flames and gusts of superheated air. This Pokémon applies its outstanding nimbleness to dodge attacks even while scorching the foe with flames.,Quilava,85.00,https://scrapeme.live/shop/Quilava/,263,"Blaze,quilava,Volcano"
3987,Home|Pokemon|Cyndaquil,"Fire Mouse,Pokemon","Cyndaquil protects itself by flaring up the flames on its back. The flames are vigorous if the Pokémon is angry. However, if it is tired, the flames splutter fitfully with incomplete combustion.",Cyndaquil,154.00,https://scrapeme.live/shop/Cyndaquil/,184,"Blaze,cyndaquil,Fire Mouse"
5778,Home|Pokemon|Meganium,"Herb,Pokemon","The fragrance of Meganium’s flower soothes and calms emotions. In battle, this Pokémon gives off more of its becalming scent to blunt the foe’s fighting spirit.",Meganium,163.00,https://scrapeme.live/shop/Meganium/,71,"Herb,meganium,Overgrow"
1272,Home|Pokemon|Bayleef,"Leaf,Pokemon",Bayleef’s neck is ringed by curled-up leaves. Inside each tubular leaf is a small shoot of a tree. The fragrance of this shoot makes people peppy.,Bayleef,44.00,https://scrapeme.live/shop/Bayleef/,299,"bayleef,Leaf,Overgrow"
2657,Home|Pokemon|Chikorita,"Leaf,Pokemon","In battle, Chikorita waves its leaf around to keep the foe at bay. However, a sweet fragrance also wafts from the leaf, becalming the battling Pokémon and creating a cozy, friendly atmosphere all around.",Chikorita,127.00,https://scrapeme.live/shop/Chikorita/,98,"chikorita,Leaf,Overgrow"
4382,Home|Pokemon|Mew,"New Species,Pokemon","Mew is said to possess the genetic composition of all Pokémon. It is capable of making itself invisible at will, so it entirely avoids notice even if it approaches people.",Mew,136.00,https://scrapeme.live/shop/Mew/,152,"mew,New Species,Synchronize"
9175,Home|Pokemon|Dragonite,"Dragon,Pokemon",Dragonite is capable of circling the globe in just 16 hours. It is a kindhearted Pokémon that leads lost and foundering ships in a storm to the safety of land.,Dragonite,69.00,https://scrapeme.live/shop/Dragonite/,127,"Dragon,dragonite,Inner Focus"
5641,Home|Pokemon|Dragonair,"Dragon,Pokemon",Dragonair stores an enormous amount of energy inside its body. It is said to alter weather conditions in its vicinity by discharging energy from the crystals on its neck and tail.,Dragonair,57.00,https://scrapeme.live/shop/Dragonair/,119,"Dragon,dragonair,Shed Skin"
4630,Home|Pokemon|Mewtwo,"Genetic,Pokemon","Mewtwo is a Pokémon that was created by genetic manipulation. However, even though the scientific power of humans created this Pokémon’s body, they failed to endow Mewtwo with a compassionate heart.",Mewtwo,43.00,https://scrapeme.live/shop/Mewtwo/,78,"Genetic,mewtwo,Pressure"
2799,Home|Pokemon|Dratini,"Dragon,Pokemon",Dratini continually molts and sloughs off its old skin. It does so because the life energy within its body steadily builds to reach uncontrollable levels.,Dratini,94.00,https://scrapeme.live/shop/Dratini/,275,"Dragon,dratini,Shed Skin"
9646,Home|Pokemon|Nidorino,"Poison Pin,Pokemon","Nidorino has a horn that is harder than a diamond. If it senses a hostile presence, all the barbs on its back bristle up at once, and it challenges the foe with all its might.",Nidorino,179.00,https://scrapeme.live/shop/Nidorino/,279,"nidorino,Poison Pin,Poison Point"
6614,Home|Pokemon|Nidoqueen,"Drill,Pokemon",Nidoqueen’s body is encased in extremely hard scales. It is adept at sending foes flying with harsh tackles. This Pokémon is at its strongest when it is defending its young.,Nidoqueen,106.00,https://scrapeme.live/shop/Nidoqueen/,153,"Drill,nidoqueen,Poison Point"
9779,Home|Pokemon|Nidorina,"Poison Pin,Pokemon","When Nidorina are with their friends or family, they keep their barbs tucked away to prevent hurting each other. This Pokémon appears to become nervous if separated from the others.",Nidorina,28.00,https://scrapeme.live/shop/Nidorina/,58,"nidorina,Poison Pin,Poison Point"
4747,Home|Pokemon|Sandslash,"Mouse,Pokemon","Sandslash can roll up its body as if it were a ball covered with large spikes. In battle, this Pokémon will try to make the foe flinch by jabbing it with its spines. It then leaps at the stunned foe to tear wildly with its sharp claws.",Sandslash,155.00,https://scrapeme.live/shop/Sandslash/,236,"Mouse,Sand Veil,sandslash"
9134,Home|Pokemon|Sandshrew,"Mouse,Pokemon","Sandshrew has a very dry hide that is extremely tough. The Pokémon can roll into a ball that repels any attack. At night, it burrows into the desert sand to sleep.",Sandshrew,82.00,https://scrapeme.live/shop/Sandshrew/,100,"Mouse,Sand Veil,sandshrew"
3488,Home|Pokemon|Raichu,"Mouse,Pokemon",This Pokémon exudes a weak electrical charge from all over its body that makes it take on a slight glow in darkness. Raichu plants its tail in the ground to discharge electricity.,Raichu,140.00,https://scrapeme.live/shop/Raichu/,215,"Mouse,raichu,Static"
1333,Home|Pokemon|Pikachu,"Mouse,Pokemon",This Pokémon has electricity-storing pouches on its cheeks. These appear to become electrically charged during the night while Pikachu sleeps. It occasionally discharges electricity when it is dozy after waking up.,Pikachu,37.00,https://scrapeme.live/shop/Pikachu/,254,"Mouse,pikachu,Static"
9230,Home|Pokemon|Arbok,"Cobra,Pokemon","This Pokémon is terrifically strong in order to constrict things with its body. It can even flatten steel oil drums. Once Arbok wraps its body around its foe, escaping its crunching embrace is impossible.",Arbok,182.00,https://scrapeme.live/shop/Arbok/,248,"arbok,Cobra,Shed Skin"
5690,Home|Snake|Ekans,"Pokemon,Snake",Ekans curls itself up in a spiral while it rests. Assuming this position allows it to quickly respond to a threat from any direction with a glare from its upraised head.,Ekans,55.00,https://scrapeme.live/shop/Ekans/,120,"ekans,Shed Skin,Snake"
9127,Home|Pokemon|Fearow,"Beak,Pokemon",Fearow is recognized by its long neck and elongated beak. They are conveniently shaped for catching prey in soil or water. It deftly moves its long and skinny beak to pluck prey.,Fearow,95.00,https://scrapeme.live/shop/Fearow/,276,"Beak,fearow,Keen Eye"
1591,Home|Tiny Bird|Spearow,"Pokemon,Tiny Bird","Spearow has a very loud cry that can be heard over half a mile away. If its high, keening cry is heard echoing all around, it is a sign that they are warning each other of danger.",Spearow,133.00,https://scrapeme.live/shop/Spearow/,46,"Keen Eye,spearow,Tiny Bird"
5745,Home|Pokemon|Raticate,"Mouse,Pokemon","Raticate’s sturdy fangs grow steadily. To keep them ground down, it gnaws on rocks and logs. It may even chew on the walls of houses.",Raticate,60.00,https://scrapeme.live/shop/Raticate/,204,"Mouse,raticate,Run Away"
1009,Home|Pokemon|Rattata,"Mouse,Pokemon","Rattata is cautious in the extreme. Even while it is asleep, it constantly listens by moving its ears around. It is not picky about where it lives—it will make its nest anywhere.",Rattata,128.00,https://scrapeme.live/shop/Rattata/,16,"Mouse,rattata,Run Away"
8462,Home|Pokemon|Pidgeot,"Bird,Pokemon","This Pokémon has a dazzling plumage of beautifully glossy feathers. Many Trainers are captivated by the striking beauty of the feathers on its head, compelling them to choose Pidgeot as their Pokémon.",Pidgeot,185.00,https://scrapeme.live/shop/Pidgeot/,90,"Bird,Keen Eye,pidgeot"
1150,Home|Pokemon|Pidgeotto,"Bird,Pokemon","Pidgeotto claims a large area as its own territory. This Pokémon flies around, patrolling its living space. If its territory is violated, it shows no mercy in thoroughly punishing the foe with its sharp claws.",Pidgeotto,84.00,https://scrapeme.live/shop/Pidgeotto/,120,"Bird,Keen Eye,pidgeotto"
6706,Home|Pokemon|Magikarp,"Fish,Pokemon","Magikarp is virtually useless in battle as it can only splash around. As a result, it is considered to be weak. However, it is actually a very hardy Pokémon that can survive in any body of water no matter how polluted it is.",Magikarp,43.00,https://scrapeme.live/shop/Magikarp/,126,"Fish,magikarp,Swift Swim"
2149,Home|Wild Bull|Tauros,"Pokemon,Wild Bull","This Pokémon is not satisfied unless it is rampaging at all times. If there is no opponent for Tauros to battle, it will charge at thick trees and knock them down to calm itself.",Tauros,63.00,https://scrapeme.live/shop/Tauros/,298,"Intimidate,tauros,Wild Bull"
2091,Home|Stag Beetle|Pinsir,"Pokemon,Stag Beetle","Pinsir has a pair of massive horns. Protruding from the surface of these horns are thorns. These thorns are driven deeply into the foe’s body when the pincer closes, making it tough for the foe to escape.",Pinsir,141.00,https://scrapeme.live/shop/Pinsir/,29,"Hyper Cutter,pinsir,Stag Beetle"
8655,Home|Spitfire|Magmar,"Pokemon,Spitfire","In battle, Magmar blows out intensely hot flames from all over its body to intimidate its opponent. This Pokémon’s fiery bursts create heat waves that ignite grass and trees in its surroundings.",Magmar,130.00,https://scrapeme.live/shop/Magmar/,16,"Flame Body,magmar,Spitfire"
7699,Home|Pokemon|Electabuzz,"Electric,Pokemon","When a storm arrives, gangs of this Pokémon compete with each other to scale heights that are likely to be stricken by lightning bolts. Some towns use Electabuzz in place of lightning rods.",Electabuzz,125.00,https://scrapeme.live/shop/Electabuzz/,63,"electabuzz,Electric,Static"
1615,Home|Pokemon|Jynx,"Human Shape,Pokemon","Jynx walks rhythmically, swaying and shaking its hips as if it were dancing. Its motions are so bouncingly alluring, people seeing it are compelled to shake their hips without giving any thought to what they are doing.",Jynx,138.00,https://scrapeme.live/shop/Jynx/,197,"Human Shape,jynx,Oblivious"
5181,Home|Pokemon|Scyther,"Mantis,Pokemon","Scyther is blindingly fast. Its blazing speed enhances the effectiveness of the twin scythes on its forearms. This Pokémon’s scythes are so effective, they can slice through thick logs in one wicked stroke.",Scyther,85.00,https://scrapeme.live/shop/Scyther/,139,"Mantis,scyther,Swarm"
9469,Home|Pokemon|Mr-mime,"Barrier,Pokemon","Mr. Mime is a master of pantomime. Its gestures and motions convince watchers that something unseeable actually exists. Once the watchers are convinced, the unseeable thing exists as if it were real.",Mr-mime,144.00,https://scrapeme.live/shop/Mr-mime/,105,"Barrier,mr-mime,Soundproof"
7984,Home|Pokemon|Starmie,"Mysterious,Pokemon",Starmie swims through water by spinning its star-shaped body as if it were a propeller on a ship. The core at the center of this Pokémon’s body glows in seven colors.,Starmie,176.00,https://scrapeme.live/shop/Starmie/,283,"Mysterious,Natural Cure,starmie"
7802,Home|Star Shape|Staryu,"Pokemon,Star Shape","Staryu apparently communicates with the stars in the night sky by flashing the red core at the center of its body. If parts of its body are torn, this Pokémon simply regenerates the missing pieces and limbs.",Staryu,166.00,https://scrapeme.live/shop/Staryu/,292,"Natural Cure,Star Shape,staryu"
9260,Home|Pokemon|Seaking,"Goldfish,Pokemon",Seaking is very protective of its eggs. The male and female will take turns patrolling around their nest and eggs. The guarding of eggs by these Pokémon goes on for over a month.,Seaking,129.00,https://scrapeme.live/shop/Seaking/,226,"Goldfish,seaking,Swift Swim"
3144,Home|Pokemon|Goldeen,"Goldfish,Pokemon","Goldeen loves swimming wild and free in rivers and ponds. If one of these Pokémon is placed in an aquarium, it will shatter even the thickest glass with one ram of its horn and make its escape.",Goldeen,170.00,https://scrapeme.live/shop/Goldeen/,117,"goldeen,Goldfish,Swift Swim"
2148,Home|Pokemon|Seadra,"Dragon,Pokemon","Seadra generates whirlpools by spinning its body. The whirlpools are strong enough to swallow even fishing boats. This Pokémon weakens prey with these currents, then swallows it whole.",Seadra,51.00,https://scrapeme.live/shop/Seadra/,45,"Dragon,Poison Point,seadra"
1885,Home|Pokemon|Horsea,"Dragon,Pokemon","If Horsea senses danger, it will reflexively spray a dense black ink from its mouth and try to escape. This Pokémon swims by cleverly flapping the fin on its back.",Horsea,154.00,https://scrapeme.live/shop/Horsea/,88,"Dragon,horsea,Swift Swim"
7268,Home|Pokemon|Kangaskhan,"Parent,Pokemon","If you come across a young Kangaskhan playing by itself, you must never disturb it or attempt to catch it. The baby Pokémon’s parent is sure to be in the area, and it will become violently enraged at you.",Kangaskhan,164.00,https://scrapeme.live/shop/Kangaskhan/,35,"Early Bird,kangaskhan,Parent"
1688,Home|Pokemon|Magnemite,"Magnet,Pokemon",Magnemite floats in the air by emitting electromagnetic waves from the units at its sides. These waves block gravity. This Pokémon becomes incapable of flight if its internal electrical supply is depleted.,Magnemite,100.00,https://scrapeme.live/shop/Magnemite/,16,"magnemite,Magnet,Sturdy"
3864,Home|Pokemon|Slowbro,"Hermit Crab,Pokemon","Slowbro’s tail has a Shellder firmly attached with a bite. As a result, the tail can’t be used for fishing anymore. This causes Slowbro to grudgingly swim and catch prey instead.",Slowbro,179.00,https://scrapeme.live/shop/Slowbro/,289,"Hermit Crab,Oblivious,slowbro"
2145,Home|Pokemon|Slowpoke,"Dopey,Pokemon","Slowpoke uses its tail to catch prey by dipping it in water at the side of a river. However, this Pokémon often forgets what it’s doing and often spends entire days just loafing at water’s edge.",Slowpoke,109.00,https://scrapeme.live/shop/Slowpoke/,57,"Dopey,Oblivious,slowpoke"
3414,Home|Pokemon|Rapidash,"Fire Horse,Pokemon","Rapidash usually can be seen casually cantering in the fields and plains. However, when this Pokémon turns serious, its fiery manes flare and blaze as it gallops its way up to 150 mph.",Rapidash,98.00,https://scrapeme.live/shop/Rapidash/,194,"Fire Horse,rapidash,Run Away"
3629,Home|Pokemon|Ponyta,"Fire Horse,Pokemon",Ponyta is very weak at birth. It can barely stand up. This Pokémon becomes stronger by stumbling and falling to keep up with its parent.,Ponyta,53.00,https://scrapeme.live/shop/Ponyta/,41,"Fire Horse,ponyta,Run Away"
1408,Home|Pokemon|Golem,"Megaton,Pokemon","Golem is known for rolling down from mountains. To prevent them from rolling into the homes of people downhill, grooves have been dug into the sides of mountains to serve as guideways for diverting this Pokémon’s course.",Golem,103.00,https://scrapeme.live/shop/Golem/,151,"golem,Megaton,Rock Head"
4748,Home|Rock|Graveler,"Pokemon,Rock","Rocks are Graveler’s favorite food. This Pokémon will climb a mountain from the base to the summit, crunchingly feasting on rocks all the while. Upon reaching the peak, it rolls back down to the bottom.",Graveler,182.00,https://scrapeme.live/shop/Graveler/,86,"graveler,Rock,Rock Head"
1650,Home|Rock|Geodude,"Pokemon,Rock","When Geodude sleeps deeply, it buries itself halfway into the ground. It will not awaken even if hikers step on it unwittingly. In the morning, this Pokémon rolls downhill in search of food.",Geodude,32.00,https://scrapeme.live/shop/Geodude/,77,"geodude,Rock,Rock Head"
1723,Home|Pokemon|Tentacruel,"Jellyfish,Pokemon",Tentacruel has tentacles that can be freely elongated and shortened at will. It ensnares prey with its tentacles and weakens the prey by dosing it with a harsh toxin. It can catch up to 80 prey at the same time.,Tentacruel,65.00,https://scrapeme.live/shop/Tentacruel/,175,"Clear Body,Jellyfish,tentacruel"
1506,Home|Pokemon|Tentacool,"Jellyfish,Pokemon",Tentacool absorbs sunlight and refracts it using water inside its body to convert it into beam energy. This Pokémon shoots beams from the small round organ above its eyes.,Tentacool,186.00,https://scrapeme.live/shop/Tentacool/,66,"Clear Body,Jellyfish,tentacool"
2187,Home|Pokemon|Victreebel,"Flycatcher,Pokemon","Victreebel has a long vine that extends from its head. This vine is waved and flicked about as if it were an animal to attract prey. When an unsuspecting prey draws near, this Pokémon swallows it whole.",Victreebel,68.00,https://scrapeme.live/shop/Victreebel/,119,"Chlorophyll,Flycatcher,victreebel"
5253,Home|Pokemon|Weepinbell,"Flycatcher,Pokemon","Weepinbell has a large hook on its rear end. At night, the Pokémon hooks on to a tree branch and goes to sleep. If it moves around in its sleep, it may wake up to find itself on the ground.",Weepinbell,26.00,https://scrapeme.live/shop/Weepinbell/,46,"Chlorophyll,Flycatcher,weepinbell"
2857,Home|Superpower|Machamp,"Pokemon,Superpower","Machamp is known as the Pokémon that has mastered every kind of martial arts. If it grabs hold of the foe with its four arms, the battle is all but over. The hapless foe is thrown far over the horizon.",Machamp,121.00,https://scrapeme.live/shop/Machamp/,242,"Guts,machamp,Superpower"
9503,Home|Superpower|Machoke,"Pokemon,Superpower","Machoke undertakes bodybuilding every day even as it helps people with tough, physically demanding labor. On its days off, this Pokémon heads to the fields and mountains to exercise and train.",Machoke,27.00,https://scrapeme.live/shop/Machoke/,10,"Guts,machoke,Superpower"
7454,Home|Pokemon|Bellsprout,"Flower,Pokemon","Bellsprout’s thin and flexible body lets it bend and sway to avoid any attack, however strong it may be. From its mouth, this Pokémon spits a corrosive fluid that melts even iron.",Bellsprout,74.00,https://scrapeme.live/shop/Bellsprout/,257,"bellsprout,Chlorophyll,Flower"
7975,Home|Psi|Alakazam,"Pokemon,Psi","Alakazam’s brain continually grows, infinitely multiplying brain cells. This amazing brain gives this Pokémon an astoundingly high IQ of 5,000. It has a thorough memory of everything that has occurred in the world.",Alakazam,40.00,https://scrapeme.live/shop/Alakazam/,142,"alakazam,Inner Focus,Psi"
9040,Home|Psi|Kadabra,"Pokemon,Psi","Kadabra holds a silver spoon in its hand. The spoon is used to amplify the alpha waves in its brain. Without the spoon, the Pokémon is said to be limited to half the usual amount of its telekinetic powers.",Kadabra,129.00,https://scrapeme.live/shop/Kadabra/,195,"Inner Focus,kadabra,Psi"
3845,Home|Psi|Abra,"Pokemon,Psi","Abra needs to sleep for eighteen hours a day. If it doesn’t, this Pokémon loses its ability to use telekinetic powers. If it is attacked, Abra escapes using Teleport while it is still sleeping.",Abra,141.00,https://scrapeme.live/shop/Abra/,116,"abra,Inner Focus,Psi"
1848,Home|Tadpole|Poliwrath,"Pokemon,Tadpole","Poliwrath’s highly developed, brawny muscles never grow fatigued, however much it exercises. It is so tirelessly strong, this Pokémon can swim back and forth across the ocean without effort.",Poliwrath,152.00,https://scrapeme.live/shop/Poliwrath/,216,"Damp,poliwrath,Tadpole"
4447,Home|Tadpole|Poliwhirl,"Pokemon,Tadpole","The surface of Poliwhirl’s body is always wet and slick with a slimy fluid. Because of this slippery covering, it can easily slip and slide out of the clutches of any enemy in battle.",Poliwhirl,121.00,https://scrapeme.live/shop/Poliwhirl/,139,"Damp,poliwhirl,Tadpole"
6402,Home|Tadpole|Poliwag,"Pokemon,Tadpole","Poliwag has a very thin skin. It is possible to see the Pokémon’s spiral innards right through the skin. Despite its thinness, however, the skin is also very flexible. Even sharp fangs bounce right off it.",Poliwag,174.00,https://scrapeme.live/shop/Poliwag/,217,"Damp,poliwag,Tadpole"
9267,Home|Pokemon|Arcanine,"Legendary,Pokemon","Arcanine is known for its high speed. It is said to be capable of running over 6,200 miles in a single day and night. The fire that blazes wildly within this Pokémon’s body is its source of power.",Arcanine,69.00,https://scrapeme.live/shop/Arcanine/,14,"arcanine,Intimidate,Legendary"
1749,Home|Puppy|Growlithe,"Pokemon,Puppy","Growlithe has a superb sense of smell. Once it smells anything, this Pokémon won’t forget the scent, no matter what. It uses its advanced olfactory sense to determine the emotions of other living things.",Growlithe,30.00,https://scrapeme.live/shop/Growlithe/,243,"growlithe,Intimidate,Puppy"
3052,Home|Pokemon|Primeape,"Pig Monkey,Pokemon","When Primeape becomes furious, its blood circulation is boosted. In turn, its muscles are made even stronger. However, it also becomes much less intelligent at the same time.",Primeape,86.00,https://scrapeme.live/shop/Primeape/,68,"Pig Monkey,primeape,Vital Spirit"
5180,Home|Pokemon|Mankey,"Pig Monkey,Pokemon","When Mankey starts shaking and its nasal breathing turns rough, it’s a sure sign that it is becoming angry. However, because it goes into a towering rage almost instantly, it is impossible for anyone to flee its wrath.",Mankey,125.00,https://scrapeme.live/shop/Mankey/,209,"mankey,Pig Monkey,Vital Spirit"
8764,Home|Pokemon|Golduck,"Duck,Pokemon","Golduck is the fastest swimmer among all Pokémon. It swims effortlessly, even in a rough, stormy sea. It sometimes rescues people from wrecked ships floundering in high seas.",Golduck,31.00,https://scrapeme.live/shop/Golduck/,278,"Damp,Duck,golduck"
6470,Home|Pokemon|Psyduck,"Duck,Pokemon","If it uses its mysterious power, Psyduck can’t remember having done so. It apparently can’t form a memory of such an event because it goes into an altered state that is much like deep sleep.",Psyduck,182.00,https://scrapeme.live/shop/Psyduck/,214,"Damp,Duck,psyduck"
3752,Home|Pokemon|Persian,"Classy Cat,Pokemon",Persian has six bold whiskers that give it a look of toughness. The whiskers sense air movements to determine what is in the Pokémon’s surrounding vicinity. It becomes docile if grabbed by the whiskers.,Persian,200.00,https://scrapeme.live/shop/Persian/,108,"Classy Cat,persian,Technician"
9594,Home|Scratch Cat|Meowth,"Pokemon,Scratch Cat","Meowth withdraws its sharp claws into its paws to slinkily sneak about without making any incriminating footsteps. For some reason, this Pokémon loves shiny coins that glitter with light.",Meowth,131.00,https://scrapeme.live/shop/Meowth/,203,"meowth,Pickup,Scratch Cat"
7897,Home|Pokemon|Dugtrio,"Mole,Pokemon","Dugtrio are actually triplets that emerged from one body. As a result, each triplet thinks exactly like the other two triplets. They work cooperatively to burrow endlessly.",Dugtrio,111.00,https://scrapeme.live/shop/Dugtrio/,290,"dugtrio,Mole,Sand Veil"
8548,Home|Pokemon|Chansey,"Egg,Pokemon","Chansey lays nutritionally excellent eggs on an everyday basis. The eggs are so delicious, they are easily and eagerly devoured by even those people who have lost their appetite.",Chansey,176.00,https://scrapeme.live/shop/Chansey/,151,"chansey,Egg,Natural Cure"
4900,Home|Pokemon|Rhydon,"Drill,Pokemon","Rhydon has a horn that serves as a drill. It is used for destroying rocks and boulders. This Pokémon occasionally rams into streams of magma, but the armor-like hide prevents it from feeling the heat.",Rhydon,27.00,https://scrapeme.live/shop/Rhydon/,73,"Drill,rhydon,Rock Head"
8574,Home|Spikes|Rhyhorn,"Pokemon,Spikes","Rhyhorn’s brain is very small. It is so dense, while on a run it forgets why it started running in the first place. It apparently remembers sometimes if it demolishes something.",Rhyhorn,124.00,https://scrapeme.live/shop/Rhyhorn/,138,"rhyhorn,Rock Head,Spikes"
8429,Home|Pokemon|Weezing,"Poison Gas,Pokemon","Weezing alternately shrinks and inflates its twin bodies to mix together toxic gases inside. The more the gases are mixed, the more powerful the toxins become. The Pokémon also becomes more putrid.",Weezing,48.00,https://scrapeme.live/shop/Weezing/,117,"Levitate,Poison Gas,weezing"
3303,Home|Pokemon|Koffing,"Poison Gas,Pokemon","Koffing embodies toxic substances. It mixes the toxins with raw garbage to set off a chemical reaction that results in a terribly powerful poison gas. The higher the temperature, the more gas is concocted by this Pokémon.",Koffing,38.00,https://scrapeme.live/shop/Koffing/,110,"koffing,Levitate,Poison Gas"
5903,Home|Pokemon|Lickitung,"Licking,Pokemon","Whenever Lickitung comes across something new, it will unfailingly give it a lick. It does so because it memorizes things by texture and by taste. It is somewhat put off by sour things.",Lickitung,142.00,https://scrapeme.live/shop/Lickitung/,291,"Licking,lickitung,Oblivious"
3499,Home|Punching|Hitmonchan,"Pokemon,Punching",Hitmonchan is said to possess the spirit of a boxer who had been working toward a world championship. This Pokémon has an indomitable spirit and will never give up in the face of adversity.,Hitmonchan,91.00,https://scrapeme.live/shop/Hitmonchan/,163,"hitmonchan,Keen Eye,Punching"
6833,Home|Pokemon|Hitmonlee,"Kicking,Pokemon","Hitmonlee’s legs freely contract and stretch. Using these springlike legs, it bowls over foes with devastating kicks. After battle, it rubs down its legs and loosens the muscles to overcome fatigue.",Hitmonlee,73.00,https://scrapeme.live/shop/Hitmonlee/,269,"hitmonlee,Kicking,Limber"
8681,Home|Pokemon|Marowak,"Bone Keeper,Pokemon",Marowak is the evolved form of a Cubone that has overcome its sadness at the loss of its mother and grown tough. This Pokémon’s tempered and hardened spirit is not easily broken.,Marowak,36.00,https://scrapeme.live/shop/Marowak/,295,"Bone Keeper,marowak,Rock Head"
3170,Home|Pokemon|Cubone,"Lonely,Pokemon","Cubone pines for the mother it will never see again. Seeing a likeness of its mother in the full moon, it cries. The stains on the skull the Pokémon wears are made by the tears it sheds.",Cubone,177.00,https://scrapeme.live/shop/Cubone/,242,"cubone,Lonely,Rock Head"
8250,Home|Pokemon|Exeggutor,"Coconut,Pokemon","Exeggutor originally came from the tropics. Its heads steadily grow larger from exposure to strong sunlight. It is said that when the heads fall off, they group together to form Exeggcute.",Exeggutor,68.00,https://scrapeme.live/shop/Exeggutor/,292,"Chlorophyll,Coconut,exeggutor"
2494,Home|Pokemon|Exeggcute,"Egg,Pokemon","This Pokémon consists of six eggs that form a closely knit cluster. The six eggs attract each other and spin around. When cracks increasingly appear on the eggs, Exeggcute is close to evolution.",Exeggcute,126.00,https://scrapeme.live/shop/Exeggcute/,144,"Chlorophyll,Egg,exeggcute"
1042,Home|Pokemon|Electrode,"Ball,Pokemon",One of Electrode’s characteristics is its attraction to electricity. It is a problematical Pokémon that congregates mostly at electrical power plants to feed on electricity that has just been generated.,Electrode,100.00,https://scrapeme.live/shop/Electrode/,230,"Ball,electrode,Static"
9522,Home|Pokemon|Voltorb,"Ball,Pokemon",Voltorb is extremely sensitive—it explodes at the slightest of shocks. It is rumored that it was first created when a Poké Ball was exposed to a powerful pulse of energy.,Voltorb,189.00,https://scrapeme.live/shop/Voltorb/,245,"Ball,Static,voltorb"
1454,Home|Pokemon|Kingler,"Pincer,Pokemon","Kingler has an enormous, oversized claw. It waves this huge claw in the air to communicate with others. However, because the claw is so heavy, the Pokémon quickly tires.",Kingler,72.00,https://scrapeme.live/shop/Kingler/,271,"kingler,Pincer,Shell Armor"
2634,Home|Pokemon|Hypno,"Hypnosis,Pokemon","Hypno holds a pendulum in its hand. The arcing movement and glitter of the pendulum lull the foe into a deep state of hypnosis. While this Pokémon searches for prey, it polishes the pendulum.",Hypno,198.00,https://scrapeme.live/shop/Hypno/,222,"hypno,Hypnosis,Insomnia"
9437,Home|Pokemon|Drowzee,"Hypnosis,Pokemon","If your nose becomes itchy while you are sleeping, it’s a sure sign that one of these Pokémon is standing above your pillow and trying to eat your dream through your nostrils.",Drowzee,40.00,https://scrapeme.live/shop/Drowzee/,253,"drowzee,Hypnosis,Insomnia"
2221,Home|Rock Snake|Onix,"Pokemon,Rock Snake","Onix has a magnet in its brain. It acts as a compass so that this Pokémon does not lose direction while it is tunneling. As it grows older, its body becomes increasingly rounder and smoother.",Onix,37.00,https://scrapeme.live/shop/Onix/,286,"onix,Rock Head,Rock Snake"
6267,Home|Shadow|Gengar,"Pokemon,Shadow","Sometimes, on a dark night, your shadow thrown by a streetlight will suddenly and startlingly overtake you. It is actually a Gengar running past you, pretending to be your shadow.",Gengar,149.00,https://scrapeme.live/shop/Gengar/,159,"gengar,Levitate,Shadow"
7532,Home|Pokemon|Haunter,"Gas,Pokemon","Haunter is a dangerous Pokémon. If one beckons you while floating in darkness, you must never approach it. This Pokémon will try to lick you with its tongue and steal your life away.",Haunter,42.00,https://scrapeme.live/shop/Haunter/,181,"Gas,haunter,Levitate"
6873,Home|Pokemon|Gastly,"Gas,Pokemon","Gastly is largely composed of gaseous matter. When exposed to a strong wind, the gaseous body quickly dwindles away. Groups of this Pokémon cluster under the eaves of houses to escape the ravages of wind.",Gastly,179.00,https://scrapeme.live/shop/Gastly/,151,"Gas,gastly,Levitate"
5736,Home|Pokemon|Cloyster,"Bivalve,Pokemon","Cloyster is capable of swimming in the sea. It does so by swallowing water, then jetting it out toward the rear. This Pokémon shoots spikes from its shell using the same system.",Cloyster,199.00,https://scrapeme.live/shop/Cloyster/,39,"Bivalve,cloyster,Shell Armor"
4653,Home|Pokemon|Shellder,"Bivalve,Pokemon","At night, this Pokémon uses its broad tongue to burrow a hole in the seafloor sand and then sleep in it. While it is sleeping, Shellder closes its shell, but leaves its tongue hanging out.",Shellder,138.00,https://scrapeme.live/shop/Shellder/,23,"Bivalve,Shell Armor,shellder"
9514,Home|Sludge|Muk,"Pokemon,Sludge","This Pokémon’s favorite food is anything that is repugnantly filthy. In dirty towns where people think nothing of throwing away litter on the streets, Muk are certain to gather.",Muk,187.00,https://scrapeme.live/shop/Muk/,220,"muk,Sludge,Stench"
3031,Home|Sludge|Grimer,"Pokemon,Sludge",Grimer emerged from the sludge that settled on a polluted seabed. This Pokémon loves anything filthy. It constantly leaks a horribly germ-infested fluid from all over its body.,Grimer,147.00,https://scrapeme.live/shop/Grimer/,201,"grimer,Sludge,Stench"
9375,Home|Sea Lion|Dewgong,"Pokemon,Sea Lion",Dewgong loves to snooze on bitterly cold ice. The sight of this Pokémon sleeping on a glacier was mistakenly thought to be a mermaid by a mariner long ago.,Dewgong,70.00,https://scrapeme.live/shop/Dewgong/,62,"dewgong,Sea Lion,Thick Fat"
2302,Home|Sea Lion|Seel,"Pokemon,Sea Lion","Seel hunts for prey in the frigid sea underneath sheets of ice. When it needs to breathe, it punches a hole through the ice with the sharply protruding section of its head.",Seel,164.00,https://scrapeme.live/shop/Seel/,250,"Sea Lion,seel,Thick Fat"
4038,Home|Triple Bird|Dodrio,"Pokemon,Triple Bird","Apparently, the heads aren’t the only parts of the body that Dodrio has three of. It has three sets of hearts and lungs as well, so it is capable of running long distances without rest.",Dodrio,138.00,https://scrapeme.live/shop/Dodrio/,118,"dodrio,Run Away,Triple Bird"
8303,Home|Twin Bird|Doduo,"Pokemon,Twin Bird","Doduo’s two heads contain completely identical brains. A scientific study reported that on rare occasions, there will be examples of this Pokémon possessing different sets of brains.",Doduo,73.00,https://scrapeme.live/shop/Doduo/,227,"doduo,Run Away,Twin Bird"
3808,Home|Wild Duck|Farfetchd,"Pokemon,Wild Duck","Farfetch’d is always seen with a stalk from a plant of some sort. Apparently, there are good stalks and bad stalks. This Pokémon has been known to fight with others over stalks.",Farfetchd,185.00,https://scrapeme.live/shop/Farfetchd/,158,"farfetchd,Keen Eye,Wild Duck"
3503,Home|Pokemon|Venomoth,"Poison Moth,Pokemon","Venomoth is nocturnal—it is a Pokémon that only becomes active at night. Its favorite prey are small insects that gather around streetlights, attracted by the light in the darkness.",Venomoth,53.00,https://scrapeme.live/shop/Venomoth/,22,"Poison Moth,Shield Dust,venomoth"
1329,Home|Pokemon|Venonat,"Insect,Pokemon","Venonat is said to have evolved with a coat of thin, stiff hair that covers its entire body for protection. It possesses large eyes that never fail to spot even minuscule prey.",Venonat,158.00,https://scrapeme.live/shop/Venonat/,177,"Compound Eyes,Insect,venonat"
4612,Home|Pokemon|Parasect,"Mushroom,Pokemon","Parasect is known to infest large trees en masse and drain nutrients from the lower trunk and roots. When an infested tree dies, they move onto another tree all at once.",Parasect,27.00,https://scrapeme.live/shop/Parasect/,17,"Effect Spore,Mushroom,parasect"
9691,Home|Pokemon|Paras,"Mushroom,Pokemon",Paras has parasitic mushrooms growing on its back called tochukaso. They grow large by drawing nutrients from this Bug Pokémon host. They are highly valued as a medicine for extending life.,Paras,168.00,https://scrapeme.live/shop/Paras/,192,"Effect Spore,Mushroom,paras"
5295,Home|Pokemon|Vileplume,"Flower,Pokemon","Vileplume has the world’s largest petals. They are used to attract prey that are then doused with toxic spores. Once the prey are immobilized, this Pokémon catches and devours them.",Vileplume,170.00,https://scrapeme.live/shop/Vileplume/,283,"Chlorophyll,Flower,vileplume"
7374,Home|Weed|Gloom,"Pokemon,Weed","From its mouth Gloom drips honey that smells absolutely horrible. Apparently, it loves the horrid stench. It sniffs the noxious fumes and then drools even more of its honey.",Gloom,178.00,https://scrapeme.live/shop/Gloom/,74,"Chlorophyll,gloom,Weed"
8337,Home|Weed|Oddish,"Pokemon,Weed","Oddish searches for fertile, nutrient-rich soil, then plants itself. During the daytime, while it is planted, this Pokémon’s feet are thought to change shape and become similar to the roots of trees.",Oddish,45.00,https://scrapeme.live/shop/Oddish/,296,"Chlorophyll,oddish,Weed"
5941,Home|Pokemon|Golbat,"Bat,Pokemon","Golbat bites down on prey with its four fangs and drinks the victim’s blood. It becomes active on inky dark moonless nights, flying around to attack people and Pokémon.",Golbat,136.00,https://scrapeme.live/shop/Golbat/,52,"Bat,golbat,Inner Focus"
2584,Home|Pokemon|Zubat,"Bat,Pokemon","Zubat avoids sunlight because exposure causes it to become unhealthy. During the daytime, it stays in caves or under the eaves of old houses, sleeping while hanging upside down.",Zubat,125.00,https://scrapeme.live/shop/Zubat/,154,"Bat,Inner Focus,zubat"
2733,Home|Pokemon|Wigglytuff,"Balloon,Pokemon","Wigglytuff’s body is very flexible. By inhaling deeply, this Pokémon can inflate itself seemingly without end. Once inflated, Wigglytuff bounces along lightly like a balloon.",Wigglytuff,130.00,https://scrapeme.live/shop/Wigglytuff/,260,"Balloon,Cute Charm,wigglytuff"
9180,Home|Pokemon|Jigglypuff,"Balloon,Pokemon","When this Pokémon sings, it never pauses to breathe. If it is in a battle against an opponent that does not easily fall asleep, Jigglypuff cannot breathe, endangering its life.",Jigglypuff,61.00,https://scrapeme.live/shop/Jigglypuff/,136,"Balloon,Cute Charm,jigglypuff"
5173,Home|Pokemon|Ninetales,"Fox,Pokemon",Legend has it that Ninetales came into being when nine wizards possessing sacred powers merged into one. This Pokémon is highly intelligent—it can understand human speech.,Ninetales,52.00,https://scrapeme.live/shop/Ninetales/,215,"Flash Fire,Fox,ninetales"
1440,Home|Pokemon|Vulpix,"Fox,Pokemon","Inside Vulpix’s body burns a flame that never goes out. During the daytime, when the temperatures rise, this Pokémon releases flames from its mouth to prevent its body from growing too hot.",Vulpix,85.00,https://scrapeme.live/shop/Vulpix/,268,"Flash Fire,Fox,vulpix"
9786,Home|Pokemon|Clefable,"Fairy,Pokemon","Clefable moves by skipping lightly as if it were flying using its wings. Its bouncy step lets it even walk on water. It is known to take strolls on lakes on quiet, moonlit nights.",Clefable,188.00,https://scrapeme.live/shop/Clefable/,23,"clefable,Cute Charm,Fairy"
3259,Home|Pokemon|Clefairy,"Fairy,Pokemon","On every night of a full moon, groups of this Pokémon come out to play. When dawn arrives, the tired Clefairy return to their quiet mountain retreats and go to sleep nestled up against each other.",Clefairy,160.00,https://scrapeme.live/shop/Clefairy/,86,"clefairy,Cute Charm,Fairy"
4569,Home|Spiral|Omanyte,"Pokemon,Spiral","Omanyte is one of the ancient and long-since-extinct Pokémon that have been regenerated from fossils by people. If attacked by an enemy, it withdraws itself inside its hard shell.",Omanyte,162.00,https://scrapeme.live/shop/Omanyte/,13,"omanyte,Shell Armor,Spiral"
7940,Home|Virtual|Porygon,"Pokemon,Virtual",Porygon is capable of reverting itself entirely back to program data and entering cyberspace. This Pokémon is copy protected so it cannot be duplicated by copying.,Porygon,178.00,https://scrapeme.live/shop/Porygon/,156,"porygon,Trace,Virtual"
8149,Home|Pokemon|Flareon,"Flame,Pokemon","Flareon’s fluffy fur has a functional purpose—it releases heat into the air so that its body does not get excessively hot. This Pokémon’s body temperature can rise to a maximum of 1,650 degrees Fahrenheit.",Flareon,34.00,https://scrapeme.live/shop/Flareon/,142,"Flame,flareon,Flash Fire"
4119,Home|Pokemon|Jolteon,"Lightning,Pokemon","Jolteon’s cells generate a low level of electricity. This power is amplified by the static electricity of its fur, enabling the Pokémon to drop thunderbolts. The bristling fur is made of electrically charged needles.",Jolteon,158.00,https://scrapeme.live/shop/Jolteon/,37,"jolteon,Lightning,Volt Absorb"
5437,Home|Pokemon|Vaporeon,"Bubble Jet,Pokemon",Vaporeon underwent a spontaneous mutation and grew fins and gills that allow it to live underwater. This Pokémon has the ability to freely control water.,Vaporeon,147.00,https://scrapeme.live/shop/Vaporeon/,226,"Bubble Jet,vaporeon,Water Absorb"
3593,Home|Pokemon|Eevee,"Evolution,Pokemon",Eevee has an unstable genetic makeup that suddenly mutates due to the environment in which it lives. Radiation from various stones causes this Pokémon to evolve.,Eevee,112.00,https://scrapeme.live/shop/Eevee/,234,"eevee,Evolution,Run Away"
5061,Home|Transform|Ditto,"Pokemon,Transform","Ditto rearranges its cell structure to transform itself into other shapes. However, if it tries to transform itself into something by relying on its memory, this Pokémon manages to get details wrong.",Ditto,75.00,https://scrapeme.live/shop/Ditto/,177,"ditto,Limber,Transform"
7759,Home|Transport|Lapras,"Pokemon,Transport","People have driven Lapras almost to the point of extinction. In the evenings, this Pokémon is said to sing plaintively as it seeks what few others of its kind still remain.",Lapras,172.00,https://scrapeme.live/shop/Lapras/,89,"lapras,Transport,Water Absorb"
